<?xml version="1.0" encoding="UTF-8"?>
<root>
  <item name="com.android.banana.groupchat.groupchat.chat.ChatAdapterHelper ChatAdapterHelper(int) 0">
    <annotation name="android.support.annotation.IntDef">
      <val name="value" val="{com.android.banana.groupchat.groupchat.chat.ChatAdapterHelper.ChatType.LIVE_SCORE, com.android.banana.groupchat.groupchat.chat.ChatAdapterHelper.ChatType.GROUP_CHAT}" />
    </annotation>
  </item>
  <item name="com.android.banana.groupchat.groupchat.chat.ChatAdapterHelper ChatAdapterHelper(java.lang.String, int) 1">
    <annotation name="android.support.annotation.IntDef">
      <val name="value" val="{com.android.banana.groupchat.groupchat.chat.ChatAdapterHelper.ChatType.LIVE_SCORE, com.android.banana.groupchat.groupchat.chat.ChatAdapterHelper.ChatType.GROUP_CHAT}" />
    </annotation>
  </item>
  <item name="com.android.banana.groupchat.groupchat.chat.ChatAdapterHelper.ChatType">
    <annotation name="android.support.annotation.IntDef">
      <val name="value" val="{com.android.banana.groupchat.groupchat.chat.ChatAdapterHelper.ChatType.LIVE_SCORE, com.android.banana.groupchat.groupchat.chat.ChatAdapterHelper.ChatType.GROUP_CHAT}" />
    </annotation>
  </item>
</root>

