<?xml version="1.0" encoding="UTF-8"?>
<root>
  <item name="com.android.banana.groupchat.chatenum.AuthorityStateQueryType.ActionType">
    <annotation name="android.support.annotation.StringDef">
      <val name="value" val="{com.android.banana.groupchat.chatenum.AuthorityStateQueryType.ActionType.RELATION_GROUP_POST_TEXT, com.android.banana.groupchat.chatenum.AuthorityStateQueryType.ActionType.RELATION_GROUP_POST_COUPON, com.android.banana.groupchat.chatenum.AuthorityStateQueryType.ActionType.RELATION_GROUP_POST_PICTURE}" />
    </annotation>
  </item>
  <item name="com.android.banana.groupchat.chatenum.AuthorityStateQueryType.GroupType">
    <annotation name="android.support.annotation.StringDef">
      <val name="value" val="{com.android.banana.groupchat.chatenum.AuthorityStateQueryType.GroupType.RACE_LIVE_CHAT, com.android.banana.groupchat.chatenum.AuthorityStateQueryType.GroupType.RELATION_GROUP_CHAT}" />
    </annotation>
  </item>
  <item name="com.android.banana.groupchat.chatenum.ForbiddenActionType.Type">
    <annotation name="android.support.annotation.StringDef">
      <val name="value" val="{com.android.banana.groupchat.chatenum.ForbiddenActionType.Type.GROUP_USER_ENTRY_NOT_FOUND, com.android.banana.groupchat.chatenum.ForbiddenActionType.Type.SIGN_ERROR, com.android.banana.groupchat.chatenum.ForbiddenActionType.Type.POST, com.android.banana.groupchat.chatenum.ForbiddenActionType.Type.PUSH_ANALYSIS, com.android.banana.groupchat.chatenum.ForbiddenActionType.Type.RACE_CHAT, com.android.banana.groupchat.chatenum.ForbiddenActionType.Type.RELATION_GROUP_POST, com.android.banana.groupchat.chatenum.ForbiddenActionType.Type.JOIN_RELATION_GROUP, com.android.banana.groupchat.chatenum.ForbiddenActionType.Type.JOIN_LIMIT, com.android.banana.groupchat.chatenum.ForbiddenActionType.Type.GROUP_HAS_DISMISSED, com.android.banana.groupchat.chatenum.ForbiddenActionType.Type.USER_HAD_REMOVE_CHAT_ROOM, com.android.banana.groupchat.chatenum.ForbiddenActionType.Type.RELATION_GROUP_CHAT, com.android.banana.groupchat.chatenum.ForbiddenActionType.Type.PRIVATE_CHAT_ROOM, com.android.banana.groupchat.chatenum.ForbiddenActionType.Type.RACE_CHAT_FORBIDDEN}" />
    </annotation>
  </item>
</root>

